{"train/loss": 0.6949, "train/learning_rate": 8.571428571428571e-07, "train/epoch": 0.01, "train/global_step": 10, "_timestamp": 1697171849.4947486, "_runtime": 9.211787700653076, "_step": 0, "_wandb": {"runtime": 180}}