{"train/loss": 0.6769, "train/learning_rate": 2.6559855467613775e-06, "train/epoch": 0.24, "train/global_step": 280, "_timestamp": 1697754123.9660158, "_runtime": 179.51580476760864, "_step": 54, "eval/loss": 0.6883428692817688, "eval/accuracy": 0.5360000133514404, "eval/label_positive_rate": 0.5099999904632568, "eval/positive_rate": 0.49399998784065247, "eval/true_positive_rate": 0.5294117647058824, "eval/false_positive_rate": 0.45714285714285713, "eval/runtime": 3.5494, "eval/samples_per_second": 140.871, "eval/steps_per_second": 35.218, "_wandb": {"runtime": 180}}