{"train/loss": 0.7, "train/learning_rate": 8.571428571428571e-07, "train/epoch": 0.01, "train/global_step": 10, "_timestamp": 1697401341.8274937, "_runtime": 9.166491746902466, "_step": 0, "_wandb": {"runtime": 658}}