{"train/loss": 0.7183, "train/learning_rate": 2.9999042217726065e-06, "train/epoch": 0.03, "train/global_step": 10, "_timestamp": 1697171742.318885, "_runtime": 9.35465407371521, "_step": 0}