{"train/loss": 0.6978, "train/learning_rate": 8.571428571428571e-07, "train/epoch": 0.01, "train/global_step": 10, "_timestamp": 1697402032.7928512, "_runtime": 9.151296138763428, "_step": 0, "_wandb": {"runtime": 48}}