{"train/loss": 0.6885, "train/learning_rate": 1.7142857142857143e-06, "train/epoch": 0.02, "train/global_step": 20, "_timestamp": 1697480911.1630452, "_runtime": 28.3058602809906, "_step": 2, "eval/loss": 0.6895225048065186, "eval/accuracy": 0.49000000953674316, "eval/label_positive_rate": 0.5099999904632568, "eval/positive_rate": 0.515999972820282, "eval/true_positive_rate": 0.5058823529411764, "eval/false_positive_rate": 0.5265306122448979, "eval/runtime": 12.7534, "eval/samples_per_second": 39.205, "eval/steps_per_second": 9.801, "_wandb": {"runtime": 34}}