{"train/loss": 0.6973, "train/learning_rate": 8.571428571428571e-07, "train/epoch": 0.01, "train/global_step": 10, "_timestamp": 1697172071.9112039, "_runtime": 9.085202932357788, "_step": 0, "_wandb": {"runtime": 21}}