{"train/loss": 0.6966, "train/learning_rate": 4.831170133960394e-10, "train/epoch": 0.99, "train/global_step": 1140, "_timestamp": 1697404493.668834, "_runtime": 2169.4803569316864, "_step": 227, "eval/loss": 0.6894448399543762, "eval/accuracy": 0.5040000081062317, "eval/label_positive_rate": 0.5099999904632568, "eval/positive_rate": 0.5220000147819519, "eval/true_positive_rate": 0.5254901960784314, "eval/false_positive_rate": 0.5183673469387755, "eval/runtime": 13.0677, "eval/samples_per_second": 38.262, "eval/steps_per_second": 9.566, "_wandb": {"runtime": 2174}}