{"train/loss": 0.6758, "train/learning_rate": 2.85896466922068e-06, "train/epoch": 0.17, "train/global_step": 190, "_timestamp": 1697753591.2991703, "_runtime": 122.40423631668091, "_step": 36, "eval/loss": 0.698994517326355, "eval/accuracy": 0.5019999742507935, "eval/label_positive_rate": 0.5099999904632568, "eval/positive_rate": 0.4880000054836273, "eval/true_positive_rate": 0.49019607843137253, "eval/false_positive_rate": 0.4857142857142857, "eval/runtime": 3.5586, "eval/samples_per_second": 140.503, "eval/steps_per_second": 35.126, "_wandb": {"runtime": 123}}