{"train/loss": 0.7223, "train/learning_rate": 8.571428571428571e-07, "train/epoch": 0.01, "train/global_step": 10, "_timestamp": 1697401224.2317472, "_runtime": 9.412439107894897, "_step": 0, "_wandb": {"runtime": 21}}