{"train/loss": 0.6757, "train/learning_rate": 8.571428571428571e-07, "train/epoch": 0.01, "train/global_step": 10, "_timestamp": 1697402119.8095074, "_runtime": 10.520102262496948, "_step": 0, "_wandb": {"runtime": 96}}