{"train/loss": 0.7603, "train/learning_rate": 8.571428571428571e-07, "train/epoch": 0.01, "train/global_step": 10, "_timestamp": 1697402254.4052837, "_runtime": 9.223010778427124, "_step": 0, "_wandb": {"runtime": 35}}